Ethnicity,indice,username
asian,0,07flying
white,0,12flugor
asian,0,1981124h
white,0,1newkid
asian,0,23_missm
asian,0,33hibiscus
asian,0,3princess
asian,0,3san3
white,0,4uintw
asian,0,520istrue
asian,0,6thavenue
asian,0,78421tw
asian,0,89248
white,0,_blaze_
asian,0,a44455566
asian,0,a6519099
asian,0,a87124
white,0,a_life_aquatic
asian,0,aaron1219
asian,0,aaronthebestbest
black,0,abbeyzv
asian,0,abby101176
asian,0,abby257
asian,0,abbychen
asian,0,abbypc
asian,0,abbytsai123
asian,0,abbywhy
asian,0,abcd1234athecat
asian,0,abigail0730
other,0,acalone
asian,0,aclin
asian,0,ada7210
asian,0,adaline-29
white,0,adam123adam123ad
white,0,adaminamada
asian,0,addbow
asian,0,adorablemj
white,0,adriaanw
indian,0,adventurer919
white,1,adventurer919
asian,0,adycarol
asian,0,adzukiwei
asian,0,aelanbelle
white,0,afgreyhtrgh
asian,0,afo02e
asian,0,aguis615
asian,0,ai10nelson
asian,0,aiden-teng
asian,0,ailisia
asian,0,aini0229
asian,0,airheadvera
pacific_islander,0,aituwan
indian,0,ajaysingh11
asian,0,ak_bklyn
indian,0,akkiimania
asian,0,akosijoyce
asian,0,alan1108
asian,0,alberthsu
asian,0,alexguo5566
asian,0,alexleech
asian,0,alfiesinger
asian,0,alicewu340
asian,0,aliciainhouse
,0,alicialeethecat
,0,alinanan
asian,0,alison_chen_27
asian,0,alivefreedom
asian,0,alka2016
asian,0,allan31770
asian,0,allenleethecat
asian,0,allenyj
asian,0,allison_wu
,0,almaalva
white,0,always-lost-tx
asian,0,alwayssweety
asian,0,amandaamarilla
asian,0,amandalu617
asian,0,amandapersue
asian,0,amandylee
asian,0,amay724
asian,0,amberfang0808
asian,0,amberki1120
asian,0,amberliu530
asian,0,amberyucp
asian,0,ambreeeeeeeeee
white,0,americanteach
asian,0,amersha
asian,0,amiiokcupid
other,0,aminaaz
asian,0,amiw333
white,0,amongstthetreez
other,1,amongstthetreez
middle_eastern,0,amr3335
asian,0,amy0914
asian,0,amychang-taiwan
asian,0,amyhseu
asian,0,amyjokesintp
asian,0,an_anonymoussss
asian,0,anan2016
asian,0,anbarc
white,0,andlie111
hispanic_latin,0,andreschang
asian,0,andrew_lipus
asian,0,andrewlie
asian,0,andrewzhu
asian,0,andy7643
white,0,andyfromtheuk
white,0,andyoconn
asian,0,anechkasarie
asian,0,angel07041117
asian,0,angel_didi
asian,0,angela_ho21
asian,0,angelakao
asian,0,angelakiki
asian,0,angie0229
asian,0,angiewang01
,0,angyfan
asian,0,anitainmytwlife
asian,0,anitalee815
asian,0,annachao
asian,0,annattaipei
asian,0,annewu
asian,0,annfish
asian,0,anniechiang
asian,0,annietsai
asian,0,annleenn
asian,0,annpai
asian,0,annthecutie
asian,0,anohjmisaki
asian,0,anonymousvfromtw
white,0,antonytku
white,0,antwainui
indian,0,anurag0009
white,0,anutamoscow
asian,0,aoibear
asian,0,apmy
asian,0,applemerry
asian,0,aprealtron
asian,0,aprillin1992
asian,0,archer168
asian,0,archieglam
pacific_islander,1,archieglam
asian,0,arenawang
asian,0,ariadne0809
asian,0,ariariwong
asian,0,ariechang
asian,0,ariel1223
asian,0,arlene283
asian,0,arron7760
asian,0,arteago
asian,0,artis13
,0,arunkp306
asian,0,arvie19
asian,0,asdfg869527
,0,ashelylu
white,0,ashleymors
asian,0,asodorf
white,0,asormer
white,0,asteroid1985
asian,0,astrid_tsai
,0,asuademma
asian,0,atalanta0822
asian,0,atc0401
asian,0,audreycchen
asian,0,august033
asian,0,avocadomy
white,0,axel2178
asian,0,axiosel
white,0,ayman236
asian,0,aysy
asian,0,azamhamid
asian,0,aznwes
asian,0,babuhuang
asian,0,baby8852
asian,0,babygang
asian,0,babyjolens
asian,0,bag_o_joice
,0,bag_o_seanl
,0,bago_tbear
other,0,bailz8
asian,0,baltic_matera
asian,0,banaatnorca
asian,0,bananajon
asian,0,baoxin
white,0,baoxiong
asian,0,barlasung
white,0,basilhall
asian,0,basketboyasaurus
asian,0,bb55sh
white,0,bblase
asian,0,bcbcbc38
asian,0,bclilian
asian,0,bearbearstar
asian,0,bebo0831
asian,0,becky5955
asian,0,becky627
asian,0,bei-yi
asian,0,benamao
asian,0,benbratsch
white,1,benbratsch
asian,0,bencome6868
asian,0,bennychou
asian,0,bensonxtw
white,0,beppe7819
white,0,bert-billie
asian,0,beryleasel
white,0,bestofbritish94
asian,0,betty_bb
asian,0,bettychen_taco
,0,bettycheng
asian,0,bettychiou
asian,0,betweensilence
asian,0,bexlee95
asian,0,beyouself2011
asian,0,biancalecirque
asian,0,bibi_tsai
asian,0,bibivi
asian,0,bigdan0124
asian,0,bignohsu
asian,0,billyliu_taco
asian,0,bingoops
asian,0,blackjercey
asian,0,blackrosescorpio
asian,0,blazy_y
asian,0,blendmeister
asian,0,blessdone
,0,blizzard_man
asian,0,bloo0125
asian,0,bluewater0221
other,0,boice_cnb
asian,0,bonizeng
asian,0,bonniecai
asian,0,bonnieregina
asian,0,bonniewang0202
asian,0,booker2134
asian,0,boratsfriend
asian,0,born123
asian,0,bow9arrow
white,0,braats
other,1,braats
asian,0,bratinellabratt
white,0,brentink
,0,brian_fatih
white,0,broadgate2
asian,0,brucechaotw
asian,0,brucewangthecat
asian,0,bsummer12
,0,bubbl33333
,0,bunnydreamer
asian,0,bunnyvivi
white,0,burningchili3
asian,0,cai0633
asian,0,caittlinc
asian,0,calaiswelsh
,0,camay-886
white,0,canada_curtis
asian,0,canada_panda
asian,0,cancanhjk
white,0,candod
asian,0,candy88fromspace
asian,0,candychu
asian,0,candytsai
asian,0,candyyu
white,0,cantai
black,0,canterbury3027
asian,0,canuguessit
white,0,carlos88b
hispanic_latin,0,carlos_enrique
asian,0,carol1229
asian,0,carol5290
asian,0,caroline9112
asian,0,carrielin28
asian,0,casabon22
white,0,caseyrosalie
asian,0,cat_terrylee
asian,0,catcalifornia
asian,0,catherinehsu1978
asian,0,cathy871
asian,0,cathyluvvv
asian,0,cbhuang
asian,0,ceciliayothecat
asian,0,cecily_huang
asian,0,ceeceeyt
asian,0,celestial0230
asian,0,celiacw
asian,0,ch263
asian,0,chabichou88
asian,0,chalieyeah
,0,chandankumar1993
asian,0,changcandy
asian,0,chantallu
asian,0,chantalwang
asian,0,chante_line
asian,0,chanxer
asian,0,chaosbear75
,0,chardy155
hispanic_latin,0,charlemagnev2
asian,0,charlene7155
asian,0,charles1879
white,0,charlesm888
asian,0,charleswu
asian,0,chchdd
asian,0,chen811101
asian,0,chenassc
asian,0,chenchen38
,0,chenchienn
asian,0,chengfangwu_526
asian,0,chengjiaming321
asian,0,chenglichia
asian,0,chenpohan0411
asian,0,chenyaou
asian,0,cherryjudy1982
white,0,chetflaum
asian,0,cheyulin
asian,0,chi23456
asian,0,chia-chi
asian,0,chiachen_carol
asian,0,chiahung0301
middle_eastern,1,chiahung0301
black,2,chiahung0301
native_american,3,chiahung0301
indian,4,chiahung0301
pacific_islander,5,chiahung0301
hispanic_latin,6,chiahung0301
white,7,chiahung0301
asian,0,chiang215
asian,0,chiaohsuan_clara
asian,0,chiawei_taco
asian,0,chicachica-ks
asian,0,chie90
asian,0,chienlee
asian,0,chifangchu
asian,0,chigsu
asian,0,childliketw
asian,0,chilin127
asian,0,chimpchampthecat
asian,0,chin-tang
,0,chiner
asian,0,ching413
asian,0,ching_traveler
asian,0,chingchingchang
native_american,1,chingchingchang
hispanic_latin,2,chingchingchang
white,3,chingchingchang
asian,0,chinnysu
asian,0,chiuchiu327
asian,0,chloeku
asian,0,chloelinokc
asian,0,chloemiao
asian,0,chloeusa
asian,0,chocomilk_w
asian,0,chopin276
asian,0,chotsky76
asian,0,chris_y912
,0,chrischentron
,0,chrisliou
white,0,chrisschorr
asian,0,christian6981
asian,0,christinecheng21
asian,0,christying
asian,0,chuanlinlu
asian,0,chubellala
asian,0,chuckyer2002
asian,0,chung-ji
asian,0,chunlee83
white,0,cian1607
asian,0,ciaoh
asian,0,ciegoo
asian,0,ciindy_lin1120
asian,0,cinderlala26
asian,0,cindy8202231
asian,0,cindyhy821
asian,0,cindyyuan
asian,0,ciwas
asian,0,ciying
,0,clairepingu
asian,0,clairetsai0306
asian,0,clairev0215
asian,0,clairewine
asian,0,clairyang
asian,0,clare_qq
black,0,clemsly
asian,0,cleo_kulo
asian,0,cliao913
asian,0,cloudyleethecat
asian,0,cocaqwerty
asian,0,cocochengasaurus
asian,0,cocopink7
asian,0,cocotw
asian,0,codarailsfun
asian,0,coffeecai
asian,0,coketea
asian,0,colakoyang
asian,0,colalai
asian,0,coniglio0713
asian,0,conniechen828
asian,0,cookyss
asian,0,coppopya
asian,0,coqueliccyniqu
asian,0,coralfox98
white,0,couldbefun74
asian,0,cousinofmorgus
asian,0,crackedcentaur
white,0,craigaz10
asian,0,crandin
asian,0,crayz_trayc
white,0,crazyhorse75
asian,0,crowntutu
asian,0,crystal_wu45
asian,0,crystinia
asian,0,cs3732c
asian,0,cttlee
asian,0,cu8190te
asian,0,cueiiii
asian,0,culinary08
asian,0,cupcakethecat2
,0,cupidok557
asian,0,curlyhair1212
asian,0,cuteboy1990mania
asian,0,cuteladytaipei
white,0,cw31english
asian,0,cwc0812
asian,0,cylabwati09
asian,0,d411072
asian,0,dada1020
asian,0,dahweng
asian,0,daisy7011
asian,0,daisy99daisy
asian,0,daisychang
asian,0,dal3na
white,0,damicra1983
asian,0,danlin44
asian,0,danny_par
asian,0,dannyforza
white,0,dantaipei
asian,0,danwang0520
asian,0,darkchocoloversg
asian,0,darlinchui
asian,0,dasmondlicht
asian,0,davidmore12
native_american,1,davidmore12
hispanic_latin,2,davidmore12
white,3,davidmore12
black,0,davionb
asian,0,daydreamertogo
asian,0,dean460764
asian,0,deansonlin
asian,0,deathsimon
asian,0,debbstherocker
asian,0,deborahteoh
white,0,deep_cube
asian,0,deerinthecat
asian,0,definitelyweird
black,0,deltajo91
asian,0,demi_liu
asian,0,demil1109
asian,0,dennis31006
asian,0,derekblue
asian,0,desathetank
asian,0,destinz
white,0,deya85
asian,0,dfgh009
asian,0,diane275
white,0,didsburystar
asian,0,digitofu
white,0,dive2deep
asian,0,dizzyben
asian,0,dl124
white,0,dmdiem
black,0,dmtravis
asian,0,dobodob
asian,0,dodoja
white,0,doloh11
asian,0,dolphin168
white,0,dolphytw
asian,0,domei_taco
asian,0,donlovesmaja
asian,0,donnycoolthecat
black,0,donstanlo
black,0,donvava16
asian,0,doodlesean
white,0,dorimiri
asian,0,doris-zhen
asian,0,doris753b
asian,0,dorliu
asian,0,dory727987
asian,0,double55
asian,0,douzihwang
asian,0,dragoninfinity
asian,0,dragonlawless
white,0,driftingsongs
asian,0,drpuyuma81
asian,0,drymartinia
white,0,duncansan
white,0,dwgcooks
asian,0,dwnray
asian,0,e10g9
asian,0,eatinglin
asian,0,eclecticdreams3
asian,0,edachien
asian,0,eddie_vv
asian,0,eddieou
hispanic_latin,0,edgareto
asian,0,ediechien
white,0,egoody21
asian,0,egreat
asian,0,eich888
white,0,eight_point_five
asian,0,eileen_830
asian,0,eileenlin
asian,0,eileenyeh
asian,0,ekyiab
asian,0,elainalin
,0,elayc
asian,0,eleanortt
asian,0,elenahuang
asian,0,elisaschwarz
asian,0,elissalin
asian,0,elle_aloha
asian,0,ellen_hi
asian,0,ellie0611
asian,0,ellie88fromspace
asian,0,ellie99999
asian,0,elmarosefrance
asian,0,elsa_w
asian,0,elsating
asian,0,elsweetdream
asian,0,embracetdarkness
asian,0,emilie-chen
asian,0,emiliechou
asian,0,emily_lin
asian,0,emilylee_0205
asian,0,emlincs77
asian,0,emma38s
asian,0,emma_chang
asian,0,emri_shelly
asian,0,ena_1997
asian,0,energiojuliet
,0,erache
asian,0,eric_th
white,0,ericdy
asian,0,ericwu0318
asian,0,erin161
asian,0,ernie4chan
asian,0,estefania1234
asian,0,ester_lin
asian,0,esther1y
asian,0,ethan-vwgti
asian,0,ethelcc
asian,0,eunicechien
asian,0,eva3347
,0,eva7923
asian,0,evacyc
asian,0,evan-clarinet
asian,0,evans830101
asian,0,evanxfavor
asian,0,evenisodd
asian,0,everythingforare
asian,0,exodia88
asian,0,exodus531
asian,0,explora30
asian,0,eyelidsiq
asian,0,eyunhsieh
asian,0,fabulous_one26
asian,0,fair_child
asian,0,faith08_kawai
asian,0,falan5402
asian,0,fanfanyi
asian,0,fang-chia-lu
asian,0,fangchunthecat
white,0,faustino888
asian,0,fe7o
asian,0,fecsvlove
asian,0,feifei715
asian,0,feliciacia
white,0,fellatia69
asian,0,femiiiiii
asian,0,fengyingtw
asian,0,fenshia
middle_eastern,0,ferasq
white,1,ferasq
other,2,ferasq
white,0,ff5454
white,0,ffelixx
asian,0,ffm123cindy
asian,0,ffooxxman
asian,0,fifi227
asian,0,filipinamania
asian,0,findthemagic
asian,0,firerainy
asian,0,firewindshadow
asian,0,fishsun
white,0,fitn2015
asian,0,fkuo6
asian,0,flaneuses
white,0,flophil
asian,0,floraaaaaaa
asian,0,floxrudem
asian,0,flyatddd
asian,0,flyinghoney
asian,0,flyinlove
white,0,flywithbirds
asian,0,foodisbae114
asian,0,fotzyy2
asian,0,frances56tw
asian,0,frank0728
white,0,frank98121sea
asian,0,freakysamyi
asian,0,fremalyn
white,0,french06asaurus
white,0,frenchtaipei
asian,0,freya_frederica
asian,0,frgogo
white,0,funisanart
asian,0,fuyuintaichung
asian,0,g803172000
asian,0,gavinjfc
asian,0,gcups
asian,0,geetee11
asian,0,gemma_zo
asian,0,gemmabini
asian,0,geneng15
asian,0,geoff_hsu
white,0,gfd1
asian,0,ggg1356114
asian,0,ggyy101370373
asian,0,gigaluegy
asian,0,gigi1234tron
asian,0,gina-chang
asian,0,gliu90
asian,0,gogogo911
black,0,goh10
asian,0,goldmarlboro
asian,0,goldxman
white,0,gombatwombat
asian,0,goodlightbearer
white,0,goodmode_
asian,0,goth-head
asian,0,grace51987
asian,0,gracedance
asian,0,gracewithg
asian,0,gracyshih
asian,0,grandpiano74
,0,grayscalerainbow
black,0,greenboy_26
asian,0,greg426
asian,0,greghsu
asian,0,grimmychen
white,0,groovergiy
asian,0,gsp1885
asian,0,gummypearin
asian,0,guyk08
asian,0,h23279
asian,0,ha_di_ha
asian,0,hahaha12kimo
asian,0,hahahahh
asian,0,hahahayayasong
middle_eastern,1,hahahayayasong
black,2,hahahayayasong
native_american,3,hahahayayasong
indian,4,hahahayayasong
pacific_islander,5,hahahayayasong
hispanic_latin,6,hahahayayasong
white,7,hahahayayasong
other,8,hahahayayasong
asian,0,hailinghsu
asian,0,han280323
asian,0,hana7333
asian,0,handolkim
asian,0,handy_stiawan
,0,hani007_taco
asian,0,hanna0519
asian,0,hannahhuang
asian,0,hannahqq
asian,0,hannahzoo
asian,0,happy85432
asian,0,happyforever16
white,1,happyforever16
white,0,happymantw
white,0,haribonn
asian,0,hattychen
asian,0,hayato0568
asian,0,hayleyism
white,0,hazel_39
,0,heathered85
,0,hedylim
asian,0,heidiliu225
asian,0,helen668
asian,0,hello_spriggy
asian,0,hellofromhsu
,0,hellotaiwan
asian,0,helloting
asian,0,hengpin
asian,0,hengyilee
asian,0,henhci
asian,0,henryting
white,0,heresiarchus
asian,0,heroesnaruto
asian,0,heyeileen
asian,0,heyheyareyouok
asian,0,heym1ng
asian,0,hgyichieh
asian,0,hhchen1023
white,0,hillie866
asian,0,hiphopisforlife
asian,0,hiphoprung
asian,0,hiromosa
white,0,hisayhellonow
asian,0,hktkoaly
asian,0,hn801018
asian,0,ho-nay
asian,0,hohsiumei
asian,0,homeless23
white,0,hot_castle
asian,0,hot_ts_noriko
asian,0,hotdogyann
asian,0,housecheng
asian,0,howard1207
asian,0,howfineyi
asian,0,hoyingying
asian,0,hsiao_chu
asian,0,hsiaoning_taco
asian,0,hsiaoyucheng
asian,0,hsieh-yi-chen
asian,0,hsiumei
asian,0,hsuan0211
asian,0,hsucf
asian,0,hsudebby
asian,0,hsush
other,0,hugoninho
asian,0,huiching
asian,0,huiwen0327
asian,0,hujessica
asian,0,hungyuviy
asian,0,hying
asian,0,hyunhyun0505
hispanic_latin,0,i_am_houston713
asian,0,iam_sassygirl
asian,0,iamfrogg
white,0,iamjustahuman
asian,0,iamterryhuang
asian,0,iamtrublemaker
white,0,iamvinete
asian,0,icegorgeous
asian,0,icemankm
asian,0,idehigh
asian,0,idroey
asian,0,ifannie0731
asian,0,ifbeauty
asian,0,ifceup
asian,0,ifeve79
asian,0,iheartsushii
white,0,imchr1s
asian,0,imninaa
asian,0,ines-ching
asian,0,ingridgrid
,0,ingridqazwsx
,0,inhao
asian,0,inin0207
asian,0,inscrutablelife
asian,0,insomniafriends
white,1,insomniafriends
asian,0,interpretertobe
asian,0,inzoo
asian,0,irene0719
asian,0,irene1001
asian,0,irene1993
asian,0,irene916
asian,0,iridescent_view
asian,0,irinachu
asian,0,irischen0
asian,0,irischocho
asian,0,irismeng
asian,0,irisrabbit
asian,0,iristin
asian,0,irrlicht331
asian,0,islewander
asian,0,isrglk
white,0,italian_o
white,0,its_notdelivery
asian,0,itsalicechang
asian,0,ivanfan
asian,0,ives_li
asian,0,ivy9729
asian,0,ivychiang
white,1,ivychiang
asian,0,ivyyang0429
asian,0,iyingchen621
asian,0,j6qo4g0
white,0,jackgallant81
asian,0,jacktaiwan8
asian,0,jaclyn1215
asian,0,jacobxxxxxjacob
asian,0,jadedrose35
white,0,jadeeyedguy
asian,0,jadyzhang
asian,0,jahgod999
middle_eastern,1,jahgod999
black,2,jahgod999
native_american,3,jahgod999
indian,4,jahgod999
pacific_islander,5,jahgod999
hispanic_latin,6,jahgod999
white,7,jahgod999
hispanic_latin,0,jaimej06
asian,0,jaimie0316
asian,0,jakelin99
asian,0,james19889
asian,0,james81314
asian,0,jameshu0414
asian,0,jamespowerup
asian,0,jamiesonkao
asian,0,jammieway
asian,0,jamyangwusky
asian,0,jandarr
asian,0,jane0925
asian,0,janechenthecat
asian,0,janethsu
asian,0,janewu28
asian,0,janice-ho
asian,0,janice0602
asian,0,jannice_taco
asian,0,jasminasun
asian,0,jasminepatt
asian,0,jasminnn11
asian,0,jason_chang30
asian,0,jasonmorganlin
white,0,jasontaike
white,0,jasonthomas69
asian,0,jasontsao0115
pacific_islander,0,jay34970
hispanic_latin,1,jay34970
asian,0,jaysu-o-matic
asian,0,jc409
white,0,jcdeckard
asian,0,jchen1029
asian,0,je616
asian,0,jeanbevs0119
white,0,jeantaipei
asian,0,jedhawaii
asian,0,jeffdapunk
,0,jeffery_kt
asian,0,jeffpeng
asian,0,jefftaila
asian,0,jeffteo1234
asian,0,jeffyang1988
white,0,jenninhaste
asian,0,jenny530thecat
asian,0,jennysu61
white,0,jensenadam77
white,0,jerome-belgium
asian,0,jessic179jessie
asian,0,jessic72
asian,0,jessica-sun
asian,0,jessicakz
asian,0,jessy_0608
native_american,0,jhoreig
white,1,jhoreig
asian,0,jia-hau
asian,0,jia-rong
asian,0,jia-syuan
asian,0,jia_chang
asian,0,jiajialin0416
asian,0,jiamingchang
asian,0,jimlee0710
white,0,jimmy00077
,0,jimmy_huang1
white,0,jimmye13
other,1,jimmye13
asian,0,jimmyjuan1990
other,1,jimmyjuan1990
asian,0,jing_93
black,0,jishan
asian,0,jj7810
asian,0,jjack_taco
white,0,jjbrown78
asian,0,jkfromtw
asian,0,jlc2003
white,0,jldriscoll1982
asian,0,jlin94
asian,0,joan624lftl
asian,0,joanearth
asian,0,joanneecc
asian,0,joannelee1104
asian,0,joantai
asian,0,jocelyneliu
asian,0,jochien
asian,0,joe_lynch
asian,0,joechien
asian,0,joehoasaurus
asian,0,joeshan6777
asian,0,joeycl
asian,0,joeysu542
hispanic_latin,0,johnfore
asian,0,johnk0102
asian,0,johnniebig
white,0,johnnymvp
white,0,johntpe
hispanic_latin,0,johnwarrenlewis
asian,0,johnwu-
,0,joieeee
asian,0,joliechen
white,0,jomaben
asian,0,jonasjojo521
white,0,joomgee
white,0,jose-16
asian,0,joseph-c-s
other,0,josephbounce
asian,0,josephine168
asian,0,josephwang
white,0,joshabare
asian,0,joshchien
asian,0,joshhavefun
white,0,joshjohnsonx
white,0,joshuaw82
asian,0,josiekuo
asian,0,jossie-tsai
asian,0,jossiejoss
asian,0,joweitseng
asian,0,joy_fishdry
asian,0,joyce-hsu
asian,0,joyfree_
white,0,jparker51
asian,0,jplovespolarbear
white,0,jtw_taipei
asian,0,juanpablominion
asian,0,judychuchu
asian,0,juhiasaurus
asian,0,juiced69
asian,0,julia0613
asian,0,julia91leoangel
asian,0,julialiny
asian,0,jungdavid
asian,0,junglin
asian,0,jupiterian666
asian,0,justanotherz
asian,0,justin72444
asian,0,justine0706
asian,0,justine_huang
asian,0,justinh-o-matic
asian,0,justsleep-lisa
asian,0,kai-yuanchen
asian,0,kai_boobear
asian,0,kaishamay
asian,0,kao1977
asian,0,karen_chien
asian,0,karencl
asian,0,karenhu82
asian,0,kasumi_s
asian,0,kate-space
asian,0,kate550
asian,0,katehuang77
asian,0,katelin79
asian,0,kath0113
asian,0,katherine0731
asian,0,katherine5639
asian,0,kathrorine
asian,0,kathypotato
asian,0,katy1110
asian,0,kausiou
asian,0,kay-hsiao
asian,0,kay1108
asian,0,kaya0214
asian,0,kayong
asian,0,kazimi19861023
asian,0,kc299
asian,0,kcl1205
asian,0,kellyhu8638
asian,0,kelvindlegend
asian,0,kembaw
white,0,ken-0o
asian,0,kenmanalang
asian,0,kennyc168
asian,0,kenweng
asian,0,ker_ker
white,0,kevin8taipei
asian,0,kevinleeinyen
asian,0,kevinting
asian,0,kiddygrimmer3
asian,0,kiddyoyo
asian,0,killahbabe72
asian,0,kimhuang
asian,0,kimhwahwa
asian,0,kimieoy
asian,0,kittyevain
white,0,kiwicameron
asian,0,kk17_chen
asian,0,kkii211
asian,0,kkiwe
asian,0,kktwus
white,0,klundernick
indian,0,koomar123
asian,0,korny_pony
white,0,koujiacheng
asian,0,kramerican
asian,0,kristychang0604
white,0,krolll07
asian,0,ksailtw
black,0,ku-li
asian,0,kueilinasaurus
asian,0,kuhuihsuan
white,0,kunmingscott
asian,0,kyle_sc
white,0,kylebasstwn
asian,0,kytsepin
asian,0,la1129
asian,0,lablabsandra
asian,0,ladycoco9
asian,0,laetitiachen
asian,0,laijenny
asian,0,lalala425
asian,0,lalonelycat
asian,0,lamey47
asian,0,lanaliao
asian,0,lancer777
asian,0,landick
black,0,lapod
,0,lauraclaura
asian,0,laurencewen
asian,0,laurieliuswag
white,0,lawyer30002
asian,0,leafsmile
white,0,lebellevue
white,0,leef88
other,0,leefrosler
asian,0,leept6
asian,0,leericky123
asian,0,legend---ary
asian,0,leilei1121
asian,0,lenokh
asian,0,leo_wang
asian,0,leoben313
asian,0,leohuk
asian,0,leona_lai
white,0,leonpetrus
asian,0,lerchen_tw
white,0,lexluthor80
asian,0,lezahasaurus
asian,0,lialin1101
asian,0,liangen
asian,0,liangmei
asian,0,liaock168
asian,0,liebefrei
asian,0,lienhsuehhan
asian,0,lifeofping
asian,0,lightower312
asian,0,lilianachang
asian,0,liliangwen11
other,0,lilianlady
asian,0,lililihsin
asian,0,lillalab
asian,0,lilliansiao
asian,0,lilliantsai
asian,0,lilychanginabox
asian,0,lilytw2016
middle_eastern,1,lilytw2016
pacific_islander,2,lilytw2016
hispanic_latin,3,lilytw2016
white,4,lilytw2016
other,5,lilytw2016
asian,0,lin_wei-wei
asian,0,linda21077
asian,0,linda9788877
asian,0,ling-yan
asian,0,lingc1989
asian,0,linlin616
asian,0,linwenwen
asian,0,linyiyin1996
asian,0,linyoyo
asian,0,linzyythu
white,0,liobe
asian,0,liou675
asian,0,lisa1132
asian,0,lisa696
asian,0,lisa_y615
asian,0,lisaasadorama
asian,0,lisaluluy
asian,0,lisamel2016
pacific_islander,1,lisamel2016
asian,0,little_leopard
asian,0,little_tung
asian,0,littledstar13
asian,0,littlequeen257
asian,0,littlestartsai
asian,0,littletung
asian,0,littlewoman11
asian,0,livelife0417
white,0,living0the0dream
asian,0,livvvil
asian,0,livywang
asian,0,lizsu0205
asian,0,lizziezeng
asian,0,llrs17
asian,0,lnn__nnl
asian,0,lol_tp
asian,0,loom-tw
asian,0,lorabeeee
asian,0,loskfvz
white,0,lost_in_eternity
asian,0,lotteros
white,0,louis_mathews
asian,0,louise0922
asian,0,louiseyc
asian,0,love-vivienne
asian,0,lovechuchu
asian,0,lovecofeee
asian,0,lovegroundhog
asian,0,lovehurts30
asian,0,lovestylelife
asian,0,lox137
white,0,lucidending
asian,0,luckyluckylululu
white,0,luisluis333
asian,0,lulukuo
asian,0,luluyanglulu
asian,0,luna_blue_moon
asian,0,luvmin00
white,0,luzaic
asian,0,lwh2016
asian,0,lyc79
other,0,lyn022176
asian,0,lynch6622
asian,0,lynnchang
asian,0,lynncooper
asian,0,lynnjang
asian,0,lynxathena
asian,0,lz229d
asian,0,m801015mag
black,0,maaha02
white,0,mackallan
asian,0,mactseng
asian,0,madeintaiwanmit
white,0,magongjie
asian,0,makedreaming
asian,0,makeitseasy
white,0,makuso69
white,0,malo-saurus
asian,0,mams790324
asian,0,man-jyun
white,0,man62223
asian,0,manda_1010
asian,0,mandy123pop
asian,0,mandy1452
asian,0,mandywang0404
asian,0,mangochentw
white,0,mangolicioso
white,0,maojojo
white,0,maomeowsaurus
white,0,mar_tn
asian,0,marble120
asian,0,marchein
,0,margaux129
asian,0,margo_lu
asian,0,mariatheresa2626
asian,0,maricelttt
asian,0,mark-lin-
asian,0,mark42-tpe
asian,0,mark91853
white,0,markkuarimo
white,0,markus1054
white,0,markyd60
white,0,marley496
asian,0,marshothecat
white,0,martinaustaiwan
white,0,martinko
asian,0,martytommy
asian,0,mascu3
asian,0,masijoy
asian,0,masonwu65
asian,0,mathess08
white,0,mathieu51
asian,0,matt452333
white,0,mattgou
other,1,mattgou
,0,matthewmonkan
white,0,mattjob314
asian,0,maxinesu
white,0,maxiu-in-taipei
native_american,0,maxmaxcool1986
asian,0,may-ku
asian,0,may810225
asian,0,may_echo
asian,0,mayjennifer
asian,0,mayleemania
asian,0,md-pjl
asian,0,medusa_w
asian,0,meethappyou
other,0,meganintaichung
asian,0,meishacatlike
asian,0,mel852
white,1,mel852
,0,melissaapplemoon
,0,melody18libra
asian,0,melody19950902
asian,0,melodykat5168
asian,0,mercytseng
asian,0,mgja12345
asian,0,mhinabox
asian,0,mi123452000lee
,0,miajazztw
asian,0,mic1976e
asian,0,michaelscwu1
asian,0,michaju-hsiao
asian,0,michelle90197
asian,0,michelleyu
native_american,1,michelleyu
pacific_islander,2,michelleyu
hispanic_latin,3,michelleyu
white,4,michelleyu
other,5,michelleyu
asian,0,mickey1994117
white,0,micsanta
asian,0,midleman
white,0,miguelmustachio
asian,0,mikage0126
asian,0,mikamumu
asian,0,mike1021031
white,0,mike9237
asian,0,mikecheng0429
asian,0,miketsai
asian,0,mikeymouse99
asian,0,mikoww
asian,0,milasasa
asian,0,milatseng
asian,0,milk11042
asian,0,milky031981
asian,0,millisilly
asian,0,mimi870595
asian,0,mimimomo724
asian,0,min212
asian,0,ming0807
asian,0,minghsin
asian,0,mingtaiwan
asian,0,mingyichu
asian,0,minigill
asian,0,minions_4ever
asian,0,minorichang
asian,0,mintco
asian,0,miranyonyo
asian,0,miruiscute
asian,0,misherrpeng
asian,0,misseva0509
asian,0,misswoobaby
asian,0,misterpeterx
asian,0,mistersou
asian,0,miyaki0925
asian,0,mlu80
white,0,mmmmmasia
asian,0,molivia55
asian,0,molly0805
asian,0,mollypeng
asian,0,monicading
asian,0,monimonique1
asian,0,moninay
white,0,monty_mod
asian,0,moo86192
asian,0,moon0715
white,0,mooorley
white,0,more2say2day
native_american,0,morridevison
white,0,morriz11
asian,0,mosthonestperson
white,0,mr888888
asian,0,mr_nice_guy20
white,0,mrartman
asian,0,mrptk
white,0,mrseriousfuntim
white,0,mrshadowvoice
,0,msren55
asian,0,mssaide
asian,0,msthousanddays
middle_eastern,0,msu127
white,1,msu127
white,0,mt1499
white,0,mto1
asian,0,mtsairose
asian,0,mualin
white,0,musciska
other,0,mutinyofclowns
asian,0,mystic6789
asian,0,naddddddd
asian,0,naffyj
,0,naitelove
asian,0,naitooikawa
other,1,naitooikawa
asian,0,nana0901
asian,0,nana_nana77
asian,0,nanababikawaii99
asian,0,nanatw
asian,0,nata52free
asian,0,natalieishare
white,0,natalietsai
asian,0,nchunerdy
asian,0,neeshan
white,0,nela_candela
,0,nellchen
white,0,neon_days
white,0,nereknuvole
asian,0,newhdd
white,0,newtw_taco
hispanic_latin,0,neycer
asian,0,nicecivio
asian,0,niceguynoone
asian,0,nichathetank
asian,0,nichloe33
white,0,nickd3221
asian,0,nickichang
asian,0,nickyinsoral
asian,0,nicole7249
white,0,niecexx
asian,0,nijntjepluis
asian,0,nikita_hu
asian,0,nikkialohahaha
asian,0,nikkistyle0507
asian,0,ninaaa_l
asian,0,ninifly
asian,0,ninja8111
middle_eastern,1,ninja8111
black,2,ninja8111
native_american,3,ninja8111
indian,4,ninja8111
pacific_islander,5,ninja8111
hispanic_latin,6,ninja8111
white,7,ninja8111
other,8,ninja8111
asian,0,noemieho
white,0,non-philatelist
asian,0,nonameplz2
white,0,noodle__soup
asian,0,norinew
asian,0,notsodeepbreath
asian,0,noviapie
other,0,nushgnay20602991
asian,0,nychht
asian,0,nyshih1993
asian,0,oemawlee
asian,0,ofeyhsieh
asian,0,ogja4
asian,0,oiku
asian,0,okcupid015
asian,0,ombeline-k
asian,0,omgtaylor
asian,0,onehc
asian,0,oochayi
other,0,opatha85
asian,0,orangeerin111
asian,0,orangegirl1216
asian,0,orangemaker
white,0,orgninja
asian,0,osmond1290
,0,owwwwl
asian,0,oxrq
asian,0,oysteromlet
white,0,packofcorgies
asian,0,paggy-001
asian,0,paipai426
asian,0,pamelaa_taco
asian,0,panwily
white,1,panwily
asian,0,panzer8118
asian,0,papillondance
asian,0,passion18
asian,0,patrick420w
asian,0,patty0922
asian,0,pau828
asian,0,paulpaul2016
asian,0,peapie921
asian,0,pearhsu
white,0,pedrocl
asian,0,peggy1120
asian,0,peggyhsu329
asian,0,peggyjuang
asian,0,pei-yi-lin
asian,0,peichen_
asian,0,peienching
white,0,pelc0000
asian,0,penny0805
asian,0,penny1022
white,0,peter_burke
asian,0,peter_long
asian,0,petitduffy
asian,0,petitenewgal
asian,0,petitray
asian,0,pgmagg
asian,0,phateknight
white,0,philipthomas37
asian,0,phoebeyeh
asian,0,phyllis89
white,0,pierricko
hispanic_latin,0,pili_taco
white,1,pili_taco
asian,0,ping-che
asian,0,ping-ping-
asian,0,pingnessalin
asian,0,pinhui
asian,0,pngkang
asian,0,poison_ivytron
asian,0,poisonivy77_taco
asian,0,pompompurin0606
asian,0,poponash
asian,0,por-zen
asian,0,por5911
asian,0,potatochipsssss
asian,0,ppp1991
white,0,praefectus_lupus
indian,0,praveenveera
indian,0,preebee
other,1,preebee
asian,0,psanalyst
,0,punkec
asian,0,pycksdew
asian,0,pyyang
white,0,pyyt
asian,0,qed93
asian,0,qingqingwang
asian,0,qlily
asian,0,qmeiasaurus
asian,0,qoo1105
asian,0,qoo5u
asian,0,qqclare
asian,0,qqgq
other,0,qqirene
asian,0,quantynn
hispanic_latin,0,quaozzyqua
asian,0,queenatzu
asian,0,queenielin
asian,0,queenieyeh
black,0,quince17
white,0,r1470
asian,0,rachel08inabox
white,0,rad_le_ox
asian,0,raga8088
asian,0,rainychou
asian,0,rainydayandmonda
white,0,raisingdaniel
indian,0,rajukun
asian,0,rakhee424
white,0,ralf_tw1970
asian,0,rarac
white,0,rawveganonbike
other,0,ray72416
asian,0,rayleii
asian,0,rayna166
asian,0,rayyaco
asian,0,reaerare
asian,0,realzita
asian,0,red-hh
asian,0,redearth23
asian,0,reesespbcups26
asian,0,reesesu
asian,0,regentinabox
asian,0,regina_chang
asian,0,reincarnation11
asian,0,relax678
middle_eastern,0,remooocuteinabox
asian,0,rexyhodgkinson
white,0,rfrockets
asian,0,rice_penny
white,0,richardintaipei
white,0,richardintpe
white,0,richietaiwan
asian,0,riellabaderzon
asian,0,rinochen
white,0,riobravo77
asian,0,rita021
asian,0,rita1105
asian,0,ritalin0505
asian,0,riva-
white,0,rjwguitar
white,0,robert0731
asian,0,robertsanjaya
hispanic_latin,0,roblescoulter
white,0,rokky93
asian,0,role631128
white,0,roman3tehpony
asian,0,roney3366
asian,0,rory_fan
,0,rosalindacorpuz
asian,0,rosapjli
asian,0,rosechou
asian,0,roseline5
asian,0,rosemimilily
asian,0,roseserena
asian,0,rosietang
white,0,ross_0
asian,0,roxanne0120
asian,0,roxy0819
asian,0,roy777ca
asian,0,royecatalina
asian,0,rtrtirtie
asian,0,ru8456
asian,0,ruhsu1018
other,0,ruixi
asian,0,runnerrocks
asian,0,ruru065
hispanic_latin,0,rustyintaiwan
white,1,rustyintaiwan
asian,0,ruthtian
asian,0,ruyunhuang
asian,0,ryleevasaurus
asian,0,ryouko-liao
asian,0,s-chi
asian,0,s-ching
asian,0,s8905221
asian,0,s_wilkz
asian,0,sabrina0917
asian,0,sabrina8888tw
asian,0,saci_yang
white,0,saichom
asian,0,sairanylanna
asian,0,sally_1010
asian,0,sally_kuo
asian,0,salvadorfang
white,0,sam5186431
asian,0,samantha1008tron
asian,0,samantha1110
asian,0,samanthachang814
middle_eastern,0,samiraprof
white,1,samiraprof
asian,0,samten_taco
asian,0,samuelliu
asian,0,san_zh_ar
asian,0,sanabel18
asian,0,sandian77
asian,0,sandra0806
asian,0,sandy0602
asian,0,sandychain
asian,0,sandyhsu61
asian,0,sandyliu0209
asian,0,sangxien
,0,sarah_1331
asian,0,sark-yao
native_american,1,sark-yao
pacific_islander,2,sark-yao
white,3,sark-yao
asian,0,sasha-c_taco
asian,0,satineliao
asian,0,saunia_kuo
asian,0,savannah_tsai
asian,0,sazukiasaurus
white,0,scampygrassnake
asian,0,schnappi0331
asian,0,schneefrau_tw
white,0,schwar29
asian,0,scott30299
asian,0,scott607t
hispanic_latin,0,scottjoseshawn
white,1,scottjoseshawn
other,2,scottjoseshawn
white,0,sean65535
white,0,seb258
asian,0,seeingmin
asian,0,selena2676
asian,0,selinacheng
asian,0,sepheno
asian,0,serenavenderwood
white,0,sergieaux
asian,0,serin0518
asian,0,serinaying
asian,0,seve7nthecat
asian,0,sexyjoyce02
asian,0,sh6027
asian,0,shamie12aries
white,0,shamus64
asian,0,shaniewen
middle_eastern,0,shariq_taco
asian,0,sharlinlin
asian,0,sharon0302
asian,0,shashalulu
asian,0,she24731
asian,0,sheng1023
asian,0,sherlola
asian,0,sherry327
asian,0,shielasama
asian,0,shih-cin-yi
asian,0,shih-hao
asian,0,shihhsingyi
asian,0,shihkaiwen
white,1,shihkaiwen
asian,0,shiloh666
asian,0,shin1988
asian,0,shineirisyo
asian,0,shiner007
other,1,shiner007
asian,0,shinrong
asian,0,shirley399
,0,shirleycho
asian,0,shiyn
asian,0,shorter-lin
asian,0,shsh66
asian,0,shuhuichien
asian,0,shuwenc
asian,0,siangkun
asian,0,siegfried168
,0,sif0701
other,0,signor
,1,signor
asian,0,sil83152
asian,0,silvia215
asian,0,silviahui
asian,0,sin521
asian,0,sinciao
asian,0,singing0825
,0,sininyu
asian,0,sinlintsai
asian,0,sisterannann
asian,0,skyonlythecat
,0,slimwa
asian,0,slkl001
asian,0,slulululu
asian,0,smile_wang
asian,0,smilecaryn
asian,0,smilely_c
asian,0,smilepeipei
asian,0,smileychia
white,0,snowdog21121
asian,0,socalnatty
other,0,solloso
asian,0,something0218
asian,0,sompm
asian,0,sonia0712
white,0,soniblue
asian,0,sophia88hong
asian,0,soshina
asian,0,soso1028
white,0,soulcombo
asian,0,soweon5080
white,0,soyanka
asian,0,soyluna228
asian,0,soymonicawang
asian,0,soynora
hispanic_latin,0,spabobo82
asian,0,space1010
asian,0,special__one
asian,0,sportingbugs
asian,0,sprucehh
asian,0,sqk147
white,0,srfr3
asian,0,srupsilon
asian,0,sswberri
asian,0,stacy198801
,0,stacyspitachips
asian,0,stanleytsai
asian,0,starstar777
asian,0,stella101639
asian,0,stellaloha
asian,0,stephanie_tintin
asian,0,stephanieliao
white,0,sternfan999
asian,0,stevebox
asian,0,steven_lithecat
asian,0,stmick69
white,0,sudhose1
white,0,sugelanren
asian,0,suichingchaotaiw
asian,0,summer_amber
,0,summerfinger
asian,0,summergogogo
asian,0,summerluvflying
asian,0,summermeimei
asian,0,sung_linnn
asian,0,sunny_fang
asian,0,sunshine_will
asian,0,sunswin4ever
other,0,sunytha
asian,0,surfing_wiwi
asian,0,susan0130yang
asian,0,susan58511
asian,0,sushitw
asian,0,susu0826
asian,0,suuyun
asian,0,sweet1118
other,0,sweetestkiller
asian,0,sweetie_7
asian,0,sweetie_chloe
asian,0,swellenwang
white,0,swyna
asian,0,sypin
asian,0,sypinkelephant
asian,0,syslee
white,0,t-bubble
asian,0,t53931033
asian,0,taani_cat
white,0,tacotoosdays
white,0,tade2k
white,0,tai74
asian,0,tai_shan
native_american,1,tai_shan
indian,2,tai_shan
white,0,taichungwg
white,0,taipei_lad
asian,0,taipeidaniel
white,0,taipeihd48
asian,0,taipeipig
white,0,taipeiteacher
white,0,taiwancecil
asian,0,tangyuti
asian,0,tanster117
asian,0,tanyayeh
asian,0,tarepardaa
asian,0,tata_tatathecat
asian,0,tatabonita
asian,0,tatalove1212
asian,0,tchc2014
asian,0,technologyxasian
asian,0,teddys9
asian,0,tenderwind
asian,0,teng_
asian,0,tenmotop
asian,0,teresa8899
asian,0,teresaweng
hispanic_latin,0,texastaiwan
white,1,texastaiwan
asian,0,teycafe
white,0,tfrenchyb
,0,that-lady
asian,0,theaaronlee
asian,0,thebestcatla
white,0,theblackpage
white,0,theformosian
white,0,thib18j
asian,0,thisismorgank
white,0,thomas_3
asian,0,thomaskao
asian,0,thomastu
white,0,tibofino
asian,0,tiffany1111wang
asian,0,tiffanysu2015
asian,0,tiffanyyyyinabox
asian,0,tiger_21taurus
white,0,tihanatigi
white,0,timesgone
white,0,timonade
white,0,timothyfg
asian,0,tin-tin_fierce
asian,0,tin1166
asian,0,tina_76782
asian,0,tinaakina
asian,0,ting-yu_kuo
asian,0,ting9714
asian,0,ting_qu
,0,tingting_y
asian,0,tingtu
asian,0,tingymel
asian,0,tinw
asian,0,titinm
,0,tititaiw
indian,0,tittothomas
asian,0,tjoanne
black,0,tjsudan01
black,0,tnboyhk
asian,0,tntan
asian,0,to12355686
white,0,tobymichael
asian,0,tom_chen
asian,0,tomorrowisthecat
asian,0,tony_lu
asian,0,tonyintaiwan
asian,0,tonykch
asian,0,tonylee0809
asian,0,tonywongk21
asian,0,toots70
asian,0,topkenary
asian,0,toyzmachine
asian,0,tp_vic
hispanic_latin,0,tqptl
other,1,tqptl
asian,0,tracy0818
asian,0,tracyhsieh7
asian,0,travel_alone
asian,0,travielancer
asian,0,trippingt
,0,tripwonder
white,0,tropicalholiday
white,0,troubletaiwan
asian,0,troyhan
asian,0,troyskur
asian,0,tsaitang
asian,0,tsaitracy
asian,0,tsc020
,0,tshui
,0,tsunyichang
asian,0,tullysthecat
asian,0,tur5
,0,turquoise_maruko
asian,0,tusn-wu-yung
white,0,twjaz
pacific_islander,0,twn_interpreter
asian,0,twtulip
white,0,tylenchus
asian,0,tzuti23
white,0,uccaa
asian,0,uguggirl
asian,0,unafrog
asian,0,unawang
asian,0,univenture
white,0,unkelsunk
white,0,usedtohavehair
asian,0,userxxxxtpe
asian,0,ushnej
asian,0,uutoo1023
white,0,vajrasiddhi
white,0,valentin89s
asian,0,valterosaul
asian,0,vaneilo
asian,0,vanessa810511
,0,vanessacy
asian,0,vanii40
white,0,varstotas
asian,0,vasterwin
asian,0,vatani_hsin
asian,0,veasnalee
other,0,veblen_goods
asian,0,venusjanairo
asian,0,verbisnoun
asian,0,vernalrosa
asian,0,veroniqueu
asian,0,veronyh
asian,0,vetfion
asian,0,vian0520
asian,0,vicky79521
asian,0,victoriauw
asian,0,victoriayangtron
asian,0,vienchang
white,0,vincetaiwan
white,0,vinividivincent
asian,0,virtualbug
,0,vitashen
asian,0,vitawubaby
asian,0,vivianlu7
asian,0,viviwu
asian,0,viz-
asian,0,vjhonsial311
asian,0,vocanol_jing
asian,0,vvnanan
asian,0,vw61
asian,0,w60830g
asian,0,wadsl0123
asian,0,waitplz
asian,0,wallrs
white,0,wanderinirish
white,0,wanderlust690
asian,0,wanny_kao
asian,0,wanyishen
asian,0,warrengao
asian,0,wawrinkac
asian,0,wayne816
asian,0,wayneshu
asian,0,waystobe
asian,0,we830320
asian,0,wei_taiwan
asian,0,weifengpiaoyang
asian,0,weiningy
asian,0,weiproteinshake
asian,0,weiyu74
asian,0,wendy03asaurus
asian,0,wendy_wu
asian,0,wendyqing
asian,0,wendywang-
asian,0,whackooo
asian,0,whatever16544
asian,0,whatsupnikki
asian,0,wheatlyinapotato
hispanic_latin,1,wheatlyinapotato
white,2,wheatlyinapotato
other,3,wheatlyinapotato
asian,0,whitneywang
asian,0,widedwu
asian,0,wildnerve
asian,0,williehu
asian,0,willowkaka
asian,0,windycake
asian,0,wini418
asian,0,winnie520tron
asian,0,winnielin0729
asian,0,winnielulu
asian,0,winstonlu310033
asian,0,wintersky18
white,0,wiseoldhat
asian,0,withdreamcatcher
asian,0,witness933
asian,0,wl_claire
asian,0,wlili
asian,0,wolala123
asian,0,wonkaholic
asian,0,wontonpunch
asian,0,woodlover2016
asian,0,wyuu
middle_eastern,0,xahidlone
indian,1,xahidlone
asian,0,xaviera_ho
asian,0,xbenitox
asian,0,xcopyoung
asian,0,xhaithecat
asian,0,xiangh
asian,0,xianhua_zeng
asian,0,xiaomie
asian,0,xiaoqing74
white,0,xiaweiyidao
other,1,xiaweiyidao
asian,0,xinning
asian,0,xjdkc
white,0,xofak12
asian,0,xting31
asian,0,xuanxuan10
asian,0,xwzhu
asian,0,xxhereandnow
asian,0,xxs99
asian,0,xydr19
asian,0,y1122331
asian,0,yabber39
asian,0,yachulo-linda
asian,0,yahan_liao
asian,0,yan40540
white,0,yanellev
asian,0,yangxiaohui
asian,0,yanlexin
asian,0,yannyannyann
asian,0,yanxi0808
asian,0,yapingchen
,0,yaris-chien
asian,0,yayaloveanny
asian,0,yehyiting
asian,0,yenihope
asian,0,yentsu
asian,0,yeohlily
asian,0,yesha18
asian,0,yesterdaymemory
asian,0,yhct
asian,0,yhuni
asian,0,yiannlew
asian,0,yihsuan_c
asian,0,yihuan3663
asian,0,yihui30919
asian,0,yijinglin
asian,0,yiling-io
asian,0,yingy0303
asian,0,yinjunawang
asian,0,yinssss
,0,yiru9329
asian,0,yisan123
asian,0,yishenpan
asian,0,yiting1994
asian,0,yitingchen86
asian,0,yiue
asian,0,yiwentsai
asian,0,yiyi-kuo
white,0,yoh__
asian,0,yoyo1234mania
asian,0,yoyogogo168
white,0,yruama25
asian,0,yu-hsuancheng
asian,0,yuchenwang
asian,0,yuchian
asian,0,yuchunchen
asian,0,yuenhsiu
asian,0,yueshi
asian,0,yuhsien
asian,0,yuhui112194
asian,0,yuimeow
asian,0,yukikuran
asian,0,yukisun-messi
asian,0,yukuilai
asian,0,yulia0306
asian,0,yuling-chu
asian,0,yuliu_rock
asian,0,yumichen
asian,0,yun_ooo
asian,0,yungbird
,0,yunye_wendy
asian,0,yvoni89
asian,0,yvonne5818
asian,0,yvonne_1128
asian,0,yvonne_jian
asian,0,yvonneleaf
asian,0,yytiff
asian,0,za110474
asian,0,zac273
white,0,zenufo
asian,0,zeroo0416
other,0,zerotpe
asian,0,zickyku
indian,1,zickyku
other,2,zickyku
asian,0,ziyongg
asian,0,znehr0301
asian,0,zoebrain
asian,0,zoeliuxxx
asian,0,zoemuaiba
,0,zoetobecute
asian,0,zonalin
asian,0,zuniezenny
asian,0,zuquu
asian,0,zyl168
asian,0,zz987
