age,sex,username
21,f,Tobeythecat
21,f,zenufo
21,f,leonpetrus
21,f,pelc0000
21,f,ifbeauty
21,f,heresiarchus
21,f,cwtwn1966
21,f,Seve7nthecat
21,f,findthemagic
21,f,Java_Lee
21,f,ifceup
21,f,irish4868
22,f,leonpetrus
22,f,ifbeauty
22,f,irish4868
22,f,pelc0000
22,f,findthemagic
22,f,Seve7nthecat
22,f,cwtwn1966
22,f,Tobeythecat
22,f,zenufo
22,f,Java_Lee
22,f,heresiarchus
22,f,ifceup
22,f,hsucf
22,f,MuaLin
22,f,newhdd
22,f,kyromania
22,f,johnwarrenlewis
22,f,praefectus_lupus
22,f,lahadram
22,f,dive2deep
22,f,alqlion
22,f,archielin
22,f,Theformosian
22,f,loquar
22,f,tainanman
22,f,SomPM
22,f,RawVeganOnBike
22,f,Abelmix_great
22,f,sanabel18
22,f,Yvoni89
22,f,irischen0
22,f,HannahHuang
22,f,fotzyy2
22,f,cancanhjk
22,f,molly0805
22,f,fishvicky
22,f,shinne-thai
22,f,Mackenzie_Tai
22,f,Tiger_21Taurus
22,f,Sammi_cool
22,f,whysojen
22,f,bebo0831
22,f,Satineliao
22,f,Loskfvz
22,f,sairanylanna
22,f,becky627
22,f,filipinamania
22,f,lore_wen
22,f,EsperanzaChen
22,f,Amandapersue
22,f,mlu80
22,f,cherryjudy1982
22,f,Ixtalia
22,f,rita021
22,f,MeishaCatlike
22,f,adycarol
22,f,Taiwanese1984
22,f,Ching_traveler
22,f,xoxoxox2584
22,f,ivove40
22,f,MelissaAppleMoon
23,f,Bishakh
23,f,tainanman
23,f,jldriscoll1982
23,f,DonVaVa16
23,f,justin_____staff
23,f,Saichom
23,f,Kesht
23,f,TaipeiUSA
23,f,Eddie_vv
23,f,Blizzard_man
23,f,showfunkai
23,f,AntoineTWFR
23,f,p840528
23,f,Leericky123
23,f,CyrusHoi
23,f,elvirmaga
23,f,DaddySamLi
23,f,becooldocool
23,f,Sammi_cool
23,f,RueiYing
23,f,Loskfvz
23,f,Satineliao
23,f,hoyingying
23,f,kaishamay
23,f,Irene1993
23,f,chantaltsai
23,f,molly0805
23,f,katykatytron
23,f,Jo12345aa
23,f,MelissaAppleMoon
23,f,Agirlanyway_S
23,f,rhia1010
23,f,xoxoxox2584
23,f,cindy8202231
23,f,MeishaCatlike
23,f,lidia7331
24,f,januarybaby14
24,f,lidia7331
24,f,maggic_taco
24,f,WinterSky18
24,f,Violy89
24,f,becky627
24,f,sairanylanna
24,f,whysojen
24,f,EsperanzaChen
24,f,Ting-Ling8861
24,f,HannahHuang
24,f,Ixtalia
24,f,grace51987
24,f,Taiwanese1984
24,f,Ivorytw
24,f,kittykateprinces
24,f,tingtongtingtong
24,f,xoxoxox2584
24,f,yves1214
24,f,vivichan_taco
24,f,irischen0
24,f,Loskfvz
24,f,cmakulit
24,f,Onon_e
24,f,namritab
24,f,wudaswan
24,f,Agirlanyway_S
24,f,anohjmisaki
24,f,madhi24
24,f,bebo0831
24,f,gerlie33
24,f,Satineliao
24,f,cindy8202231
24,f,Mackenzie_Tai
24,f,Alicialeethecat
24,f,hyacinthdialino
24,f,cherryjudy1982
24,f,adorablemj
24,f,parkshinye
24,f,WinnieLuLu
24,f,katykatytron
24,f,Amy_0621
24,f,shinne-thai
24,f,vicky79521
24,f,yulisandy
24,f,goldn08
24,f,julia91leoangel
24,f,Lhenglingers
24,f,yayauk313
24,f,chubbie_karen
24,f,chantallu
24,f,YukiKuran
24,f,Hanna0519
24,f,Sally_1010
24,f,aappk
24,f,linzoma81
24,f,iam_sassygirl
24,f,Brittany405
25,f,yulisandy
25,f,cherryjudy1982
25,f,yoksldhfs
25,f,Mackenzie_Tai
25,f,yves1214
25,f,Bishakh
25,f,playbbgun
25,f,Jimlee0710
25,f,Blizzard_man
25,f,sandrointaipei
25,f,leonpetrus
25,f,LinShengYi
25,f,micon_01
25,f,Otupacec
25,f,philipthomas37
25,f,WheatlyinaPotato
25,f,heresiarchus
25,f,Egroegush
25,f,Tonnyhoose
25,f,Miltpe77
25,f,howard0305
25,f,Gregarious_88
25,f,adjem80
25,f,Nhelsky
25,f,chinita33phil
25,f,DEMI_LIU
25,f,FeV01
25,f,mel852
25,f,jane_huang0118
25,f,filipinamania
26,f,filipinamania
26,f,Huiruuuu
26,f,Agirlanyway_S
26,f,vivichan_taco
26,f,yhuni
26,f,amor23thecat
26,f,Wazs
26,f,Satineliao
26,f,Eva830819
26,f,HsuYing_
26,f,Nini_Wang
26,f,daydreamertogo
26,f,jessicabiebs310
26,f,aiannatheangel
26,f,julia91leoangel
26,f,janelledewilde
26,f,Kaitlynhung
26,f,Jo12345aa
26,f,micaiinabox
26,f,wudaswan
26,f,anaprinces21
26,f,mhine24
26,f,OliviaHong
26,f,saunia_kuo
26,f,Maribelypiz
26,f,Peyton567
26,f,jiajialin0416
26,f,EricHuang1028
26,f,mqy0627
26,f,milk11042
26,f,erich002thecat
26,f,Milly1103
26,f,maine0203
26,f,Alicepear
26,f,Jossie-Tsai
26,f,Jackie08141987
26,f,Mackenzie_Tai
26,f,Kuhuihsuan
26,f,jasrhensadiasa
26,f,Fremalyn
26,f,liangmei
26,f,parkshinye
26,f,ariadne0809
26,f,CandyTsai
26,f,HannahHuang
26,f,Quantynn
26,f,Tsui09
26,f,lastingwind
26,f,Ting-Ling8861
26,f,Rocio_Pthecat
26,f,Sunny_Fang
26,f,ckatethecat
26,f,DEMI_LIU
26,f,cherryjudy1982
26,f,Yvoni89
26,f,candy2998738
26,f,Carolina00326
26,f,goldn08
26,f,chubbie_karen
26,f,exodia88
26,f,Amberhsu923
26,f,shamie12aries
26,f,molly0805
26,f,chinita33phil
26,f,Sunytha
26,f,XXS99
26,f,bebo0831
26,f,chiuyitin
26,f,kittykateprinces
26,f,VernaChen1
26,f,Kimieoy
26,f,seleniayen
26,f,AngieHRW
26,f,23_missM
26,f,chantaltsai
26,f,binger000
26,f,zeal_26
26,f,Lisaluluy
26,f,dhaliaM
26,f,Tobeythecat
26,f,susanlindear
26,f,irish4868
26,f,ifceup
26,f,cwtwn1966
26,f,JasminaSun
26,f,ifbeauty
26,f,AmyWu-o-matic
27,f,cwtwn1966
27,f,irish4868
27,f,JasminaSun
27,f,ifbeauty
27,f,AmyWu-o-matic
27,f,Tobeythecat
27,f,susanlindear
27,f,ifceup
27,f,cherryjudy1982
27,f,findthemagic
27,f,Chinghsin1
27,f,fecsvlove
27,f,Role631128
27,f,yuka0114
27,f,lamey47
27,f,Ann-t
27,f,mollypeng
27,f,sandian77
27,f,dodoya
27,f,MeishaCatlike
27,f,amor23thecat
27,f,bubblesred_taco
27,f,henhci
27,f,krystalmiranda
27,f,DaddySamLi
27,f,philipthomas37
27,f,daemon3826
27,f,PeterOnTheRoad
27,f,allan31770
27,f,Miltpe77
27,f,johnywalked_taco
27,f,Morrison_Lin
27,f,Andlie111
27,f,Tonylee0809
27,f,trun-cheng
27,f,samten_taco
27,f,Jimmy_Huang1
27,f,newtw_taco
27,f,qoo5u
27,f,ishish7788
27,f,geneng15
27,f,howard0305
27,f,Wanderlust690
27,f,Vocanol_Jing
27,f,westlyn2
27,f,TravieLancer
27,f,lohongtat
27,f,lokiuytfg
27,f,Jenyu_taco
27,f,28851262
27,f,patrickjj_taco
27,f,RawVeganOnBike
27,f,newhdd
27,f,Tonnyhoose
27,f,Naddddddd
27,f,ChrisLaoshi
27,f,MAFlix
27,f,Anderson11111111
27,f,Johnny_1900
27,f,San_zh_ar
27,f,shashwat88
27,f,facesmania
27,f,kunmingscott
27,f,YuTsungChen
27,f,Liou675
27,f,FreddyF03
27,f,GuyK08
27,f,a0986586725
27,f,Dervis_wang
27,f,lahadram
27,f,kenneth0827
27,f,Roblescoulter
27,f,Chandra161
27,f,Abelmix_great
27,f,Theformosian
27,f,heresiarchus
28,f,Abelmix_great
28,f,Theformosian
28,f,heresiarchus
29,f,tejacruzz
29,f,A007-rock
29,f,Anderson11111111
29,f,Gregarious_88
29,f,ardon_t
29,f,alqlion
29,f,Leericky123
29,f,Joechien
29,f,cash19850701
29,f,JJBrown78
29,f,Egroegush
29,f,Eddie_vv
29,f,belivei
29,f,leonpetrus
29,f,micon_01
29,f,adjem80
29,f,Nashbrendan
29,f,jason_chang30
29,f,Bishakh
29,f,Java_Lee
29,f,LinShengYi
29,f,Wanderlust690
29,f,AntoineTWFR
29,f,becooldocool
29,f,innolux
29,f,jahgod999
29,f,DaddySamLi
29,f,jaimej06
29,f,Varcty
29,f,guaihouzi
29,f,Tonnyhoose
29,f,CyrusHoi
29,f,bag_o_ayaan
29,f,Saichom
29,f,Ivanlin0412
29,f,africanboycute
29,f,Roots0812
29,f,enthax
29,f,rayyaco
29,f,kunmingscott
29,f,petitray
29,f,Naddddddd
29,f,aksahu_taco
29,f,Miltpe77
29,f,WheatlyinaPotato
29,f,airmax369
29,f,Greglin
29,f,shashwat88
29,f,TravieLancer
29,f,cscwm30
29,f,BernieFox
29,f,RawVeganOnBike
29,f,Blizzard_man
29,f,p840528
29,f,johnywalked_taco
29,f,Quince17
29,f,Marco79a
29,f,tainanman
29,f,Joseph-c-s
29,f,Andlie111
29,f,showfunkai
29,f,kkrish07
29,f,jeffpeng
29,f,Maxho081i
29,f,MSU127
29,f,Dervis_wang
29,f,h23279
29,f,San_zh_ar
29,f,por-zen
29,f,Lin_Wei-Wei
29,f,Mrptk
29,f,howard0305
29,f,booker2134
29,f,Kesht
29,f,hani007_taco
29,f,philipthomas37
29,f,Jenyu_taco
29,f,Mike9237
29,f,jldriscoll1982
29,f,lore_wen
29,f,filipinamania
29,f,lezahasaurus
29,f,rachel08inabox
29,f,tomorrowisthecat
29,f,sweet1118
29,f,dodoya
29,f,turquoise_maruko
29,f,Jhoreig
29,f,Molyj
29,f,krystalmiranda
29,f,JasminaSun
29,f,ifceup
29,f,Tobeythecat
29,f,FengyingTw
29,f,AmyWu-o-matic
29,f,irish4868
29,f,susanlindear
29,f,cwtwn1966
29,f,ifbeauty
30,f,AmyWu-o-matic
30,f,ifbeauty
30,f,cwtwn1966
30,f,Tobeythecat
30,f,FengyingTw
30,f,JasminaSun
30,f,ifceup
30,f,irish4868
30,f,susanlindear
30,f,Jo12345aa
30,f,cherryjudy1982
30,f,momowy
30,f,Agirlanyway_S
30,f,bebo0831
30,f,RueiYing
30,f,tingtongtingtong
30,f,shinne-thai
30,f,shielasama
30,f,xhaithecat
30,f,cmakulit
30,f,WinterSky18
30,f,irischen0
30,f,rhia1010
30,f,julia91leoangel
30,f,becky627
30,f,Alicialeethecat
30,f,yves1214
30,f,lidia7331
30,f,lienhsuehhan
30,f,Mandy1452
30,f,Yukisun-messi
30,f,yayauk313
30,f,anohjmisaki
30,f,chantaltsai
30,f,opatha85
30,f,irisclairethecat
30,f,marjoriehuang
30,f,cindy8202231
30,f,madhi24
30,f,aiannatheangel
30,f,yennyDermawan
30,f,Kai_boobear
30,f,YiwenTsai
30,f,lovegroundhog
30,f,vivichan_taco
30,f,xoxoxox2584
30,f,namritab
30,f,scenoscape
30,f,vicky79521
30,f,Ivorytw
30,f,EsperanzaChen
30,f,Huiruuuu
30,f,Satineliao
30,f,linda33188
30,f,molly0805
30,f,parkshinye
30,f,fotzyy2
30,f,yesha18
30,f,XXS99
30,f,Yvoni89
30,f,WinnieLuLu
30,f,whysojen
30,f,seleniayen
30,f,mqy0627
30,f,januarybaby14
30,f,Irene1993
30,f,HannahHuang
31,f,whysojen
31,f,madhi24
31,f,januarybaby14
31,f,Ivorytw
31,f,chantaltsai
31,f,vivichan_taco
31,f,seleniayen
31,f,Agirlanyway_S
31,f,HannahHuang
31,f,Irene1993
31,f,yennyDermawan
31,f,WinnieLuLu
31,f,xoxoxox2584
31,f,Yvoni89
31,f,hyacinthdialino
31,f,yesha18
31,f,Huiruuuu
31,f,parkshinye
31,f,RueiYing
31,f,WinterSky18
31,f,adorablemj
31,f,cindy8202231
31,f,vicky79521
31,f,JasminaSun
31,f,ifbeauty
31,f,irish4868
31,f,ifceup
31,f,Tobeythecat
31,f,AmyWu-o-matic
31,f,cwtwn1966
31,f,susanlindear
31,f,FengyingTw
31,f,Lisaluluy
31,f,liebefrei
31,f,JinjiKikko
31,f,Seve7nthecat
31,f,Ezhen_Huang
31,f,chris_y912
31,f,SalvadorFang
31,f,opatha85
31,f,Sunytha
31,f,Huangpeace
31,f,Sunny_Fang
31,f,rachel08inabox
31,f,Paris11_05
31,f,BenaMao
31,f,rdolor
31,f,yayauk313
31,f,susuting
31,f,Lilliansiao
31,f,Noviapie
31,f,Odeliamania
31,f,anechkasarie
31,f,Mandy1452
31,f,Jackie08141987
31,f,Ixtalia
31,f,mgja12345
31,f,mlu80
31,f,pupupi
31,f,loraloraa
31,f,Kuhuihsuan
31,f,TwShuFen
31,f,ckatethecat
31,f,kind23thecat
31,f,ruxuan66
31,f,Alicialeethecat
31,f,QUIMS
31,f,scenoscape
31,f,bephia
31,f,jillchenthecat
31,f,yolinai1014
31,f,JiaJiaLin1234
31,f,sweet1118
31,f,praburockss
31,f,shotocai
32,f,aiannatheangel
32,f,tingtongtingtong
32,f,Huiruuuu
32,f,micaiinabox
32,f,veniecerio
32,f,adycarol
32,f,Yvoni89
32,f,irisclairethecat
32,f,tsc020
32,f,PeaPie921
32,f,VickieTung
32,f,lovemayday1998
32,f,turquoise_maruko
32,f,ronaldnavarette
32,f,FeV01
32,f,Kuhuihsuan
32,f,ivone40
32,f,parkshinye
32,f,Mandy1452
32,f,chubbie_karen
32,f,bebo0831
32,f,ladycoco9
32,f,JuliaYeh
32,f,chinita33phil
32,f,sami0808
32,f,sanabel18
32,f,Ling-Yan
32,f,ruthtian
32,f,Agirlanyway_S
32,f,Elaine613
32,f,dodoya
32,f,HannahHuang
32,f,yanxi0808
32,f,Arlene283
32,f,JinjiKikko
32,f,Jossie-Tsai
32,f,Elainebahn
32,f,jiajialin0416
32,f,Victoria_kan
32,f,Taiwanese1984
32,f,Daisysy
32,f,MeishaCatlike
32,f,Joyceye
32,f,lezahasaurus
32,f,mariatheresa2626
32,f,Emilyifbkdhsjssk
32,f,Irene1993
32,f,yuka0114
32,f,hyacinthdialino
32,f,Lilliansiao
32,f,namritab
32,f,Abbey_Leee
32,f,MangoChenTW
32,f,ifbeauty
32,f,chiuyitin
32,f,Ching_traveler
32,f,adorablemj
32,f,sandian77
32,f,whysojen
32,f,Joyce-hsu
32,f,rhia1010
32,f,DouZihWANG
32,f,kind23thecat
32,f,ivove40
32,f,CathyCelia
32,f,Nikita_Hu
32,f,cindy8202231
32,f,doriswu
32,f,HsuYing_
32,f,rachel08inabox
32,f,cancanhjk
32,f,AmberHuang
32,f,Cess_18
32,f,hoyingying
32,f,michelle20756
32,f,chantaltsai
32,f,susu0826
32,f,opatha85
32,f,amor23thecat
32,f,ariadne0809
32,f,xhaithecat
32,f,shotocai
32,f,rlechier
32,f,kittykateprinces
32,f,cherryjudy1982
32,f,fotzyy2
32,f,erich002thecat
32,f,Tobeythecat
32,f,bibivi
32,f,Amandapersue
32,f,Mackenzie_Tai
32,f,yhuni
32,f,katrinayeh
32,f,yuhsien
32,f,XXS99
32,f,lidia7331
32,f,Rimuy
32,f,madhi24
32,f,Shopylin0911
32,f,mollypeng
32,f,Paris11_05
32,f,vicky79521
32,f,filipinamania
32,f,vivichan_taco
32,f,iamyna
32,f,Mavis_Lee_
32,f,RueiYing
32,f,shuanmania
32,f,julia91leoangel
32,f,tingtingchang
32,f,lienhsuehhan
32,f,JUNGLIN
32,f,alice_1010
32,f,maggic_taco
32,f,djkhfhjdg
32,f,miabeille
32,f,airenefromspace
32,f,WinterSky18
32,f,jessicabiebs310
32,f,kitten_kate1st
32,f,Nini_Wang
32,f,Hanna0519
32,f,cmakulit
32,f,kuanyin_chen
32,f,shinne-thai
32,f,miaomiaobear
32,f,Ezhen_Huang
32,f,yolinai1014
32,f,sueheykuo
32,f,MandyWang0404
32,f,exodia88
32,f,kaixuankao
32,f,Lisaluluy
32,f,henhci
32,f,Sammi_cool
32,f,linzoma81
32,f,sweet1118
32,f,tomorrowisthecat
32,f,krystalmiranda
32,f,lore_wen
32,f,Jhoreig
32,f,Molyj
33,f,krystalmiranda
33,f,lezahasaurus
33,f,Molyj
33,f,tomorrowisthecat
33,f,lore_wen
33,f,rachel08inabox
33,f,filipinamania
33,f,sweet1118
33,f,Jhoreig
33,f,dodoya
33,f,turquoise_maruko
33,f,shinne-thai
33,f,vivichan_taco
33,f,EricHuang1028
33,f,Ryouko-liao
33,f,anaprinces21
33,f,anechkasarie
33,f,23_missM
33,f,miaomiaobear
33,f,CeliaYang0911
33,f,oysteromlet
33,f,Huangpeace
33,f,mqy0627
33,f,kitten_kate1st
33,f,Elainebahn
33,f,shaneiah
33,f,aappk
33,f,sueheykuo
33,f,katykatytron
33,f,Violy89
33,f,opatha85
33,f,molly0805
33,f,Tin-tin_fierce
33,f,Tarepardaa
33,f,jane_huang0118
33,f,FeV01
33,f,susu0826
33,f,Maribel_Cambanga
33,f,bephia
33,f,loddaappz
33,f,chinita33phil
33,f,edachien
33,f,Amy_0621
33,f,lamey47
33,f,VernaChen1
33,f,Nini_Wang
33,f,rhia1010
33,f,alicia77220
33,f,Daisysy
33,f,Brittany405
33,f,DEMI_LIU
33,f,XXS99
33,f,Kimieoy
33,f,fishvicky
33,f,namritab
33,f,eyunhsieh
33,f,YukiKuran
33,f,hi_there100
33,f,a7500200013
33,f,AmberHuang
33,f,bebo0831
33,f,Lilliansiao
33,f,BrookChen
34,f,Culinary08
35,f,Culinary08
35,f,valterosaul
35,f,opatha85
35,f,lidia7331
35,f,ruthtian
35,f,Abbey_Leee
35,f,EsperanzaChen
35,f,Amberhsu923
35,f,Special__one
35,f,xu3_lillian
35,f,sueheykuo
35,f,cwtwn1966
35,f,elmarosefrance
35,f,scenoscape
35,f,Alicialeethecat
35,f,daydreamertogo
35,f,poison_ivytron
35,f,Lisamel2016
35,f,Violy89
35,f,23_missM
35,f,mlu80
35,f,goldn08
35,f,Kaitlynhung
35,f,Annthecutie
35,f,chenhungju
35,f,Emilyifbkdhsjssk
35,f,sami0808
35,f,MangoChenTW
35,f,Lhenglingers
35,f,bubblesred_taco
35,f,Queeniepan
35,f,Jo12345aa
35,f,shielasama
35,f,Emma_Chang
35,f,ckatethecat
35,f,zhiela
35,f,gerlie33
35,f,tainanman
35,f,SomPM
35,f,pelc0000
35,f,heresiarchus
35,f,Java_Lee
35,f,zenufo
35,f,leonpetrus
35,f,alqlion
35,f,RawVeganOnBike
21,m,tainanman
21,m,SomPM
21,m,heresiarchus
21,m,alqlion
21,m,pelc0000
21,m,Java_Lee
21,m,RawVeganOnBike
21,m,zenufo
21,m,leonpetrus
21,m,Bishakh
21,m,TravieLancer
21,m,Joechien
21,m,Aiden-teng
21,m,Egroegush
21,m,rayyaco
21,m,kishorekmr65
21,m,Phateknight
21,m,Steven_Lithecat
21,m,enthax
21,m,Dennis0131
22,m,enthax
22,m,chandankumar1993
22,m,Bishakh
22,m,Steven_Lithecat
22,m,Aiden-teng
22,m,Egroegush
22,m,MoreorLessSean
22,m,Phateknight
22,m,TravieLancer
22,m,cs3732c
22,m,kishorekmr65
22,m,rayyaco
22,m,Dennis0131
22,m,Surfing_Wiwi
22,m,Joechien
22,m,Yvoni89
22,m,Mandy1452
22,m,sueheykuo
22,m,Ching_traveler
22,m,marjoriehuang
22,m,Taiwanese1984
22,m,seleniayen
22,m,januarybaby14
22,m,Alicepear
22,m,molly0805
22,m,YiwenTsai
22,m,krystalmiranda
22,m,YukiKuran
22,m,Alicialeethecat
22,m,vivichan_taco
22,m,Irene1993
22,m,aiannatheangel
22,m,katykatytron
22,m,lovegroundhog
22,m,julia91leoangel
22,m,adycarol
22,m,Kai_boobear
22,m,mariejuannah
22,m,whysojen
22,m,Nikita_Hu
22,m,MelissaAppleMoon
22,m,XXS99
22,m,xoxoxox2584
22,m,kind23thecat
22,m,sairanylanna
22,m,hoyingying
22,m,cmakulit
22,m,Ann-t
22,m,cancanhjk
22,m,Sammi_cool
22,m,Jc641101
22,m,pupupi
22,m,yennyDermawan
22,m,cherryjudy1982
22,m,ivove40
22,m,fotzyy2
22,m,namritab
22,m,Jo12345aa
22,m,yulisandy
22,m,irisclairethecat
22,m,opatha85
22,m,Amy_0621
22,m,madhi24
22,m,yesha18
22,m,weifengpiaoyang
22,m,Jackie08141987
22,m,yolinai1014
22,m,yayauk313
22,m,chiuyitin
22,m,turquoise_maruko
22,m,cindy8202231
22,m,kaishamay
22,m,EsperanzaChen
22,m,lienhsuehhan
22,m,linda33188
22,m,PeaPie921
22,m,EricHuang1028
22,m,filipinamania
22,m,vicky79521
22,m,Loskfvz
22,m,findthemagic
22,m,Yukisun-messi
22,m,irish4868
22,m,ifbeauty
22,m,HannahHuang
22,m,xhaithecat
22,m,hyacinthdialino
22,m,irischen0
22,m,Ixtalia
22,m,lidia7331
22,m,ifceup
22,m,Tobeythecat
22,m,cwtwn1966
22,m,shinne-thai
22,m,INGRIDqazwsx
22,m,JUNGLIN
22,m,henhci
22,m,doriswu
22,m,mlu80
22,m,Mackenzie_Tai
22,m,Jossie-Tsai
22,m,sanabel18
22,m,Agirlanyway_S
22,m,MeishaCatlike
22,m,Onon_e
23,m,RueiYing
23,m,cindy8202231
23,m,MelissaAppleMoon
23,m,shinne-thai
23,m,adorablemj
23,m,vivichan_taco
23,m,mariejuannah
23,m,vicky79521
23,m,findthemagic
23,m,Jo12345aa
23,m,whysojen
23,m,filipinamania
23,m,seleniayen
23,m,Nikita_Hu
23,m,lidia7331
24,m,chantaltsai
24,m,Jossie-Tsai
24,m,maggic_taco
24,m,Yvoni89
24,m,becky627
24,m,Agirlanyway_S
24,m,linda33188
24,m,ifbeauty
24,m,Tiger_21Taurus
24,m,januarybaby14
24,m,rizalai
24,m,mqy0627
24,m,MelissaAppleMoon
24,m,XXS99
24,m,Ixtalia
24,m,Amandapersue
24,m,namritab
24,m,cherryjudy1982
24,m,africanboycute
24,m,FreddyF03
24,m,jldriscoll1982
24,m,kazimi19861023
24,m,Maxchou_2015
24,m,kevinting
24,m,Anderson11111111
24,m,DonVaVa16
24,m,Wanderlust690
24,m,deep_cube
24,m,JJBrown78
24,m,xoxoxox2584
24,m,Joyce-hsu
24,m,hi_there100
24,m,marjoriehuang
24,m,Alicepear
24,m,Lilliansiao
24,m,Tobeythecat
24,m,irish4868
24,m,Sunny_Fang
24,m,hoyingying
24,m,mariejuannah
24,m,filipinamania
24,m,MandyWang0404
24,m,ifceup
24,m,occult30
24,m,A44455566
24,m,festal1987
24,m,Culinary08
24,m,kausiou
24,m,TonyKCH
24,m,valterosaul
24,m,booker2134
24,m,Morrison_Lin
24,m,TacoToosdays
24,m,madmanrom
24,m,Mrptk
24,m,Artis13
24,m,manianheng
24,m,kunmingscott
24,m,a0986586725
24,m,TsaiTang
24,m,chandankumar1993
24,m,ming_1990
24,m,Saichom
24,m,weitingyan
24,m,YuChenWang
24,m,showfunkai
24,m,Maaha02
24,m,SomPM
24,m,enthax
24,m,guitoininder
24,m,Noufayy
24,m,TWhandsome
24,m,noel0419
24,m,rtrtirtie
24,m,KK17_Chen
24,m,tainanman
24,m,sandrointaipei
24,m,leonpetrus
24,m,hiabear
24,m,roKKy93
24,m,Blizzard_man
24,m,robert_1029
24,m,archielin
24,m,troyskur
24,m,fecsvlove
24,m,weifengpiaoyang
24,m,rita021
24,m,caara0906
24,m,tsc020
24,m,INGRIDqazwsx
24,m,Ealamina
24,m,Bishakh
24,m,ak_bklyn
24,m,samten_taco
24,m,pphillan
24,m,MAFlix
24,m,allan31770
24,m,Bala0824
24,m,AntoineTWFR
24,m,harrylin25
24,m,crackedcentaur
24,m,JosephBounce
24,m,wahyudi_saputra
25,m,WheatlyinaPotato
25,m,DonVaVa16
25,m,a0986586725
25,m,MAFlix
25,m,cash19850701
25,m,mistersou
25,m,Leericky123
25,m,jason_chang30
25,m,28851262
25,m,Lin_Wei-Wei
25,m,modbasasaurus
25,m,Roblescoulter
25,m,ming_1990
25,m,bag_o_ayaan
25,m,French06asaurus
25,m,Jimmy_Huang1
25,m,asjk1991
25,m,noel0419
25,m,Sammi_cool
25,m,Amandapersue
25,m,kittykateprinces
25,m,Paris11_05
25,m,hoyingying
25,m,irisclairethecat
25,m,xhaithecat
25,m,Jc641101
25,m,kaishamay
25,m,tingtongtingtong
25,m,xoxoxox2584
25,m,PeaPie921
25,m,gerlie33
25,m,rizalai
25,m,rita021
25,m,molly0805
25,m,whysojen
25,m,aappk
25,m,fecsvlove
25,m,INGRIDqazwsx
25,m,weifengpiaoyang
25,m,findthemagic
25,m,wilayou
25,m,enthax
25,m,AmroOoOO26
25,m,Jaymeen22592
25,m,Anderson11111111
25,m,wahyudi_saputra
25,m,Xander01asaurus
25,m,airmax369
25,m,Aiden-teng
25,m,keaneli
25,m,seb258
25,m,inrye
25,m,jerome-belgium
25,m,bblase
25,m,Mike9237
25,m,Naddddddd
25,m,JamesTaipei
25,m,shashwat88
25,m,EthanLin99
25,m,rvva36
25,m,jeffro999
25,m,TsaiTang
25,m,Vocanol_Jing
25,m,akkiimania
25,m,CharlesJiin
25,m,johnywalked_taco
25,m,stanlyChu
25,m,Amr3335
25,m,Greglin
25,m,yyepsr
25,m,innolux
25,m,newhdd
25,m,DearStrangerT
25,m,Silken218
25,m,booker2134
25,m,Lapod
25,m,justin_____staff
25,m,Maxho081i
25,m,jahgod999
25,m,shangyic
25,m,kunmingscott
25,m,chandankumar1993
25,m,dive2deep
25,m,daemon3826
25,m,SomPM
25,m,weitingyan
25,m,petitray
25,m,elvirmaga
25,m,Artis13
25,m,dwnray
25,m,KembaW
25,m,madmanrom
25,m,z0o8510a
25,m,leslie9527inabox
25,m,San_zh_ar
25,m,ishish7788
25,m,Yushen0221
25,m,alqlion
25,m,AntoineTWFR
25,m,Miltpe77
25,m,MoreorLessSean
25,m,Java_Lee
25,m,Tomgott
25,m,Otupacec
25,m,lokiuytfg
25,m,fanuelwahjudi
25,m,Saichom
25,m,Maxchou_2015
25,m,Kesht
25,m,roKKy93
25,m,Theformosian
25,m,Maaha02
25,m,kazimi19861023
25,m,Mrptk
25,m,howard0305
25,m,kishorekmr65
25,m,TaipeiUSA
25,m,TacoToosdays
26,m,Ixtalia
26,m,Alicialeethecat
26,m,yayauk313
26,m,PeaPie921
26,m,kittykateprinces
26,m,cancanhjk
26,m,DouZihWANG
26,m,Tiger_21Taurus
26,m,SofiaChanel0513
26,m,Ting-Ling8861
26,m,ruthtian
26,m,hoyingying
26,m,shaneiah
26,m,bebo0831
26,m,gerlie33
26,m,dragonlawless
26,m,Sammi_cool
26,m,Kimieoy
26,m,yvonne5818
26,m,Jossie-Tsai
26,m,Tahliala
26,m,zoeliuxxx
26,m,katykatytron
26,m,emri_shelly
26,m,anaprinces21
26,m,irischen0
26,m,adycarol
26,m,MelissaAppleMoon
26,m,susu0826
26,m,shotocai
26,m,grace51987
26,m,rhia1010
26,m,Bettychen_taco
26,m,sami0808
26,m,airenefromspace
26,m,lidia7331
26,m,opatha85
26,m,Seve7nthecat
26,m,Irene1993
26,m,Ching_traveler
26,m,Agirlanyway_S
26,m,mqy0627
26,m,Alicepear
26,m,Loskfvz
26,m,findthemagic
26,m,mlu80
26,m,lore_wen
26,m,ifbeauty
26,m,yves1214
26,m,turquoise_maruko
26,m,Amy_0621
26,m,MeishaCatlike
26,m,Arlene283
26,m,YukiKuran
26,m,Huiruuuu
26,m,Yukisun-messi
26,m,Yvoni89
26,m,Violy89
26,m,doriswu
26,m,shielasama
26,m,krystalmiranda
26,m,INGRIDqazwsx
26,m,lienhsuehhan
26,m,marjoriehuang
26,m,aiannatheangel
26,m,Paris11_05
26,m,HannahHuang
26,m,Satineliao
26,m,fotzyy2
26,m,rita021
26,m,molly0805
26,m,filipinamania
26,m,aappk
26,m,alice_1010
26,m,Tobeythecat
26,m,henhci
26,m,Jc641101
26,m,wudaswan
26,m,JUNGLIN
26,m,sueheykuo
26,m,xhaithecat
26,m,maggic_taco
27,m,adorablemj
27,m,EsperanzaChen
27,m,vicky79521
27,m,madhi24
27,m,Amy_0621
27,m,yesha18
27,m,sairanylanna
27,m,Loskfvz
27,m,mqy0627
27,m,MeishaCatlike
27,m,henhci
27,m,Ixtalia
27,m,ivove40
27,m,YiwenTsai
27,m,Jo12345aa
27,m,WinnieLuLu
27,m,wudaswan
27,m,gerlie33
27,m,adycarol
27,m,Tiger_21Taurus
27,m,Yukisun-messi
27,m,cmakulit
27,m,shinne-thai
27,m,aappk
27,m,yayauk313
27,m,HannahHuang
27,m,katykatytron
27,m,chantaltsai
27,m,Role631128
27,m,anechkasarie
27,m,Jossie-Tsai
27,m,yulisandy
27,m,fishvicky
27,m,cindy8202231
27,m,Satineliao
27,m,Kai_boobear
27,m,sueheykuo
27,m,vivichan_taco
27,m,yves1214
27,m,filipinamania
27,m,Taiwanese1984
27,m,doriswu
27,m,Alicepear
27,m,Paris11_05
27,m,JUNGLIN
27,m,WinterSky18
27,m,festal1987
27,m,valterosaul
27,m,A44455566
27,m,enthax
27,m,Nashbrendan
27,m,Artis13
27,m,aksahu_taco
27,m,jason_chang30
27,m,tainanman
27,m,samten_taco
27,m,FengshuiSTAR
27,m,Java_Lee
27,m,LinShengYi
27,m,Joseph-c-s
27,m,playbbgun
27,m,Silken218
27,m,elvirmaga
27,m,rtrtirtie
27,m,troyskur
27,m,JJBrown78
27,m,kkrish07
27,m,ming_1990
27,m,Jimmy_Huang1
27,m,daemon3826
27,m,TravieLancer
27,m,Mrptk
27,m,a00151500
27,m,philipthomas37
27,m,airmax369
27,m,DearStrangerT
27,m,p840528
27,m,africanboycute
27,m,Wanderlust690
27,m,sunswin4ever
27,m,San_zh_ar
27,m,Joechien
27,m,becooldocool
27,m,Seve7nthecat
27,m,opatha85
27,m,Irene1993
27,m,mlu80
27,m,xoxoxox2584
27,m,Sammi_cool
27,m,lore_wen
27,m,maggic_taco
27,m,YukiKuran
27,m,rhia1010
27,m,shielasama
28,m,vivichan_taco
28,m,adycarol
28,m,shinne-thai
28,m,yulisandy
28,m,lienhsuehhan
28,m,Paris11_05
28,m,Nikita_Hu
28,m,becky627
28,m,shielasama
28,m,rhia1010
28,m,Ivorytw
28,m,whysojen
28,m,mlu80
28,m,krystalmiranda
28,m,Yukisun-messi
28,m,xhaithecat
28,m,irish4868
28,m,turquoise_maruko
28,m,aappk
28,m,EricHuang1028
28,m,sanabel18
28,m,aiannatheangel
28,m,MeishaCatlike
28,m,Violy89
28,m,Seve7nthecat
28,m,Irene1993
28,m,opatha85
29,m,festal1987
30,m,CyrusHoi
30,m,facesmania
30,m,a0986586725
30,m,jahgod999
30,m,philipthomas37
30,m,Johnny_1900
30,m,Roots0812
30,m,cash19850701
30,m,bag_o_ayaan
30,m,sandrointaipei
30,m,Mike9237
30,m,Saichom
30,m,daemon3826
30,m,wilayou
30,m,africanboycute
30,m,geneng15
30,m,Otupacec
30,m,A007-rock
30,m,aksahu_taco
30,m,elvirmaga
30,m,Ealamina
30,m,becooldocool
30,m,por-zen
30,m,JJBrown78
30,m,ming_1990
30,m,Joseph-c-s
30,m,Sark-yao
30,m,BernieFox
30,m,rvva36
30,m,LinShengYi
30,m,TacoToosdays
30,m,Bala0824
30,m,tainanman
30,m,Egroegush
30,m,Yushen0221
30,m,shangyic
30,m,SomPM
30,m,Ivanlin0412
30,m,playbbgun
30,m,DearStrangerT
30,m,Marco79a
30,m,h23279
30,m,jaimej06
30,m,Anderson11111111
30,m,Gregarious_88
30,m,Leericky123
30,m,Tonnyhoose
30,m,enthax
30,m,modbasasaurus
30,m,kkrish07
30,m,Miltpe77
30,m,WheatlyinaPotato
30,m,petitray
30,m,RawVeganOnBike
30,m,adjem80
30,m,troyskur
31,m,sanabel18
31,m,cherryjudy1982
31,m,HuJessica
31,m,yves1214
31,m,rhia1010
31,m,FeV01
31,m,Yliz27
31,m,PeaPie921
31,m,CeliaYang0911
31,m,irrlicht331
31,m,aappk
31,m,rosemaymania
31,m,kittykateprinces
31,m,kind23thecat
31,m,jasrhensadiasa
31,m,shinne-thai
31,m,miaomiaobear
31,m,Ixtalia
31,m,VickieTung
31,m,Jossie-Tsai
31,m,yuka0114
31,m,maggic_taco
31,m,QUIMS
31,m,irischen0
31,m,Milly1103
31,m,yayauk313
31,m,zeal_26
31,m,Sally_1010
31,m,Loskfvz
31,m,Maribelypiz
31,m,ruthtian
31,m,zenufo
31,m,heresiarchus
31,m,Java_Lee
31,m,Seve7nthecat
31,m,findthemagic
32,m,xhaithecat
32,m,yuka0114
32,m,Smilepeipei
32,m,poison_ivytron
32,m,katykatytron
32,m,Alicialeethecat
32,m,irisrabbit
32,m,Loskfvz
32,m,maggic_taco
32,m,lamey47
32,m,Taiwanese1984
32,m,miaomiaobear
32,m,kaishamay
32,m,Amberhsu923
32,m,Kimieoy
32,m,yhuni
32,m,MelissaAppleMoon
32,m,cherryjudy1982
32,m,MeishaCatlike
32,m,irischen0
32,m,mlu80
32,m,yoksldhfs
32,m,yulisandy
32,m,sanabel18
32,m,rita021
32,m,filipinamania
32,m,Role631128
32,m,lore_wen
32,m,pupupi
32,m,adycarol
32,m,doriswu
32,m,Amandapersue
32,m,weifengpiaoyang
32,m,Paris11_05
32,m,Violy89
32,m,fecsvlove
32,m,aiannatheangel
32,m,turquoise_maruko
32,m,marjoriehuang
32,m,rizalai
32,m,Ann-t
32,m,gerlie33
32,m,kind23thecat
32,m,EricHuang1028
32,m,lidia7331
32,m,henhci
32,m,rhia1010
32,m,sueheykuo
32,m,aappk
32,m,Jc641101
32,m,mariejuannah
32,m,krystalmiranda
32,m,yves1214
32,m,findthemagic
32,m,ivove40
32,m,INGRIDqazwsx
32,m,Ching_traveler
32,m,Mackenzie_Tai
32,m,shinne-thai
32,m,hoyingying
32,m,fishvicky
32,m,Victoria_kan
33,m,Victoria_kan
35,m,EricHuang1028
35,m,gerlie33
35,m,WinterSky18
35,m,alice_1010
35,m,yulisandy
35,m,cancanhjk
35,m,Irene1993
35,m,anechkasarie
35,m,aappk
35,m,Ivorytw
35,m,parkshinye
35,m,cmakulit
35,m,Jc641101
35,m,Onon_e
35,m,yennyDermawan
35,m,Amy_0621
35,m,fotzyy2
35,m,sueheykuo
